{"cameraMode":{"drawMode":0,"name":"Shaded","section":"Shading Mode"},"sceneLighting":true,"audioPlay":false,"sceneViewState":{"m_AlwaysRefresh":false,"showFog":true,"showSkybox":true,"showFlares":true,"showImageEffects":true,"showParticleSystems":true,"showVisualEffectGraphs":true,"m_FxEnabled":true},"in2DMode":false,"pivot":{"x":2.3957619667053224,"y":-3.5849525928497316,"z":7.4903459548950199},"rotation":{"x":0.7229249477386475,"y":-0.010467191226780415,"z":0.01095434557646513,"w":0.6907617449760437},"size":5.5746636390686039,"orthographic":true}